#Imp   On TrackName            Name                      TrackRefs            TrackRefsLatex                          Notes    
po     1  20.0-1-M18	       20.0-1		         mateu2018            Mateu2018                               - 
st     1  300S-F18	       300S		         fu2018               Fu2018                                  - 
st     1  AAU-AliqaUma-L21     AAU-AliqaUma	         li2021               Li2021                                  - 
st     1  AAU-ATLAS-L21	       AAU-ATLAS	         li2021               Li2021                                  - 
ep     1  Acheron-G09	       Acheron		         grillmair2009        Grillmair2009                           - 
st     1  ACS-R21	       ACS		         ramos2021            Ramos2021                               -
st     1  Alpheus-G13	       Alpheus		         grillmair2013        Grillmair2013                           - 
st     1  Aquarius-W11         Aquarius                  williams2011         Williams2011                            - 
st     1  C-19-I21	       C-19		         martin2022           Martin2022                              - 
st     1  C-4-I21	       C-4		         ibata2021            Ibata2021                               - 
st     1  C-5-I21	       C-5		         ibata2021            Ibata2021                               - 
st     1  C-7-I21	       C-7		         ibata2021            Ibata2021                               - 
st     1  C-8-I21	       C-8		         ibata2021            Ibata2021                               - 
st     1  C-9-I21	       C-9		         ibata2021            Ibata2021                               - 
st     1  Cetus-New-Y21	       Cetus-New	         yuan2021             Yuan2021                                - 
st     1  Cetus-Palca-T21      Cetus-Palca	         thomas2021           Thomas2021                              - 
st     0  Cetus-Palca-Y21      Cetus-Palca	         yuan2021             Yuan2021                                - 
st     1  Cetus-Y13	       Cetus		         yam2013              Yam2013                                 - 
st     0  Chenab-S19	       Orphan-Chenab		 shipp2019            Shipp2019,Shipp2018                     -           
ep     1  Cocytos-G09	       Cocytos		         grillmair2009        Grillmair2009                           - 
po     1  Corvus-M18	       Corvus		         mateu2018            Mateu2018                               - 
st     1  Elqui-S19	       Elqui		         shipp2019            Shipp2019,Shipp2018                     -           
st     1  Eridanus-M17	       Eridanus		         myeong2017           Myeong2017,Harris1996                   -            
st     0  Fimbulthul-I21       Fimbulthul                ibata2021            Ibata2021                               - 
st     1  Gaia-1-I21	       Gaia-1		         ibata2021            Ibata2021                               - 
st     1  Gaia-10-I21	       Gaia-10	                 ibata2021            Ibata2021                               - 
st     1  Gaia-11-I21	       Gaia-11		         ibata2021            Ibata2021                               - 
st     1  Gaia-12-I21	       Gaia-12	                 ibata2021            Ibata2021                               - 
st     1  Gaia-2-I21	       Gaia-2		         ibata2021            Ibata2021                               - 
ep     1  Gaia-3-M18	       Gaia-3		         malhan2018           Malhan2018                              - 
ep     1  Gaia-4-M18	       Gaia-4		         malhan2018           Malhan2018                              - 
ep     1  Gaia-5-M18	       Gaia-5		         malhan2018           Malhan2018                              - 
st     1  Gaia-6-I21	       Gaia-6	                 ibata2021            Ibata2021                               - 
st     1  Gaia-7-I21	       Gaia-7	                 ibata2021            Ibata2021                               - 
st     1  Gaia-8-I21	       Gaia-8		         ibata2021            Ibata2021                               - 
st     1  Gaia-9-I21	       Gaia-9		         ibata2021            Ibata2021                               - 
st     1  GD-1-I21	       GD-1     	         ibata2021            Ibata2021                               - 
st     0  GD-1-PB18	       GD-1     	         pricewhelan2018      PriceWhelanBonaca2018_gd1,Koposov2010   -                       
st     1  Gunnthra-I21	       Gunnthra		         ibata2021            Ibata2021                               - 
st     1  Hermus-G14	       Hermus		         grillmair2014        Grillmair2014                           - 
st     1  Hrid-I21	       Hrid		         ibata2021            Ibata2021                               - 
st     1  Hyllus-G14	       Hyllus		         grillmair2014        Grillmair2014,GrillmairCarlin2016       -                     
st     1  Indus-S19	       Indus		         shipp2019            Shipp2019,Shipp2018                     -           
st     1  Jet-F22	       Jet		         ferguson2022         Ferguson2022                            - 
ep     0  Jet-J18	       Jet		         jethwa2018           Jethwa2018                              - 
st     1  Jhelum-a-B19	       Jhelum-a		         bonaca2019           Bonaca2019                              - 
st     0  Jhelum-a-S19	       Jhelum-a		         shipp2019            Shipp2019,Shipp2018                     -           
st     1  Jhelum-b-B19	       Jhelum-b		         bonaca2019           Bonaca2019                              - 
st     0  Jhelum-b-S19	       Jhelum-b		         shipp2019            Shipp2019,Shipp2018                     -           
st     0  Jhelum-I21	       Jhelum                    ibata2021            Ibata2021                               - 
st     1  Kshir-I21	       Kshir		         ibata2021            Ibata2021                               - 
st     1  Kwando-G17	       Kwando		         grillmair2017        Grillmair2017_south                     -       
st     1  Leiptr-I21	       Leiptr		         ibata2021            Ibata2021                               - 
ep     1  Lethe-G09	       Lethe		         grillmair2009        Grillmair2009                           - 
st     0  LMS1-M21             LMS-1                     malhan2021           Malhan2021                              - 
st     1  LMS1-Y20             LMS-1                     yuan2020             Yuan2020                                - 
st     0  M2-G22               M2                        grillmair2022        Grillmair2022,Baumgardt2021             -               
st     1  M2-I21               M2                        ibata2021            Ibata2021                               - 
st     1  M30-S20              M30                       sollima2020          Sollima2020,Harris1996                  -            
st     1  M5-G19	       M5    		         grillmair2019        Grillmair2019                           - 
st     0  M5-I21	       M5    		         ibata2021            Ibata2021                               - 
st     0  M5-S20               M5                        sollima2020          Sollima2020,Harris1996                  -            
st     0  M68-I21	       M68       	         ibata2021            Ibata2021                               - 
st     0  Fjorm-I21	       M68-Fjorm	         ibata2021            Ibata2021                               - 
st     1  M68-P19	       M68-Fjorm    	         palau2019            Palau2019                               - 
st     1  M92-I21	       M92		         ibata2021            Ibata2021                               - 
st     0  M92-S20              M92                       sollima2020          Sollima2020,Harris1996                  -            
st     0  M92-T20	       M92		         thomas2020           Thomas2020                              - 
st     1  Molonglo-G17	       Molonglo		         grillmair2017b       Grillmair2017_south                     -      
st     1  Monoceros-R21	       Monoceros	         ramos2021            Ramos2021                               -
st     1  Murrumbidgee-G17     Murrumbidgee	         grillmair2017b       Grillmair2017_south                     -      
st     1  NGC1261-I21          NGC1261                   ibata2021            Ibata2021                               - 
st     1  NGC1851-I21          NGC1851                   ibata2021            Ibata2021                               - 
st     1  NGC2298-I21          NGC2298                   ibata2021            Ibata2021                               - 
st     0  NGC2298-S20          NGC2298                   sollima2020          Sollima2020,Harris1996                  -            
st     0  NGC2808-I21          NGC2808                   ibata2021            Ibata2021                               - 
st     1  NGC288-I21           NGC288                    ibata2021            Ibata2021                               - 
st     0  NGC288-S20           NGC288                    sollima2020          Sollima2020,Harris1996                  -            
st     0  NGC3201-I21	       NGC3201                   ibata2021            Ibata2021                               - 
st     1  NGC3201-P21	       NGC3201-Gjoll   	         palau2021            Palau2021                               - 
st     0  Gjoll-I21	       NGC3201-Gjoll             ibata2021            Ibata2021                               - 
st     1  NGC5466-G06	       NGC5466		         grillmair2006        Grillmair2006_5466                      -      
st     0  NGC5466-I21          NGC5466                   ibata2021            Ibata2021                               - 
st     0  NGC6101-I21          NGC6101                   ibata2021            Ibata2021                               - 
st     1  NGC6362-S20          NGC6362                   sollima2020          Sollima2020,Harris1996                  -            
st     1  NGC6397-I21          NGC6397		         ibata2021            Ibata2021                               - 
st     1  OmegaCen-I21         OmegaCen-Fimbulthul       ibata2021            Ibata2021                               - 
st     0  OmegaCen-S20         OmegaCen-Fimbulthul       sollima2020          Sollima2020,Harris1996                  -            
po     0  Ophiuchus-B14	       Ophiuchus	         bernard2014          Bernard2014                             - 
st     1  Ophiuchus-C20	       Ophiuchus	         caldwell2020         Caldwell2020                            - 
st     1  Orinoco-G17	       Orinoco		         grillmair2017        Grillmair2017_south                     -       
st     0  Orphan-I21	       Orphan-Chenab    	 ibata2021            Ibata2021                               - 
st     1  Orphan-K19	       Orphan-Chenab    	 koposov2019          Koposov2019                             - 
ep     1  Pal13-S20	       Pal13		         shipp2020            Shipp2020                               - 
st     1  Pal15-M17	       Pal15		         myeong2017           Myeong2017,Harris1996                   -            
st     0  Pal5-I21	       Pal5    		         ibata2021            Ibata2021                               - 
st     1  Pal5-PW19	       Pal5     	         pricewhelan2019      PriceWhelan2019_pal5,Bonaca2020         -                 
st     0  Pal5-S20   	       Pal5     	         starkman2020         Starkman2020                            - 
ep     1  Palca-S18	       Palca		         shipp2018            Shipp2018                               - 
st     1  Parallel-W18	       Parallel		         weiss2018            Weiss2018                               - 
st     1  Pegasus-P19	       Pegasus		         perottoni2019        Perottoni2019                           - 
st     1  Perpendicular-W18    Perpendicular	         weiss2018            Weiss2018                               - 
st     1  Phlegethon-I21       Phlegethon	         ibata2021            Ibata2021                               - 
st     1  Phoenix-S19	       Phoenix		         shipp2019            Shipp2019,Balbinot2016                  -              
po     1  PS1-A-B16	       PS1-A		         bernard2016          Bernard2016                             - 
po     1  PS1-B-B16	       PS1-B		         bernard2016          Bernard2016                             - 
po     1  PS1-C-B16	       PS1-C		         bernard2016          Bernard2016                             - 
po     1  PS1-D-B16	       PS1-D		         bernard2016          Bernard2016                             - 
po     1  PS1-E-B16	       PS1-E		         bernard2016          Bernard2016                             - 
ep     1  Ravi-S18	       Ravi		         shipp2018            Shipp2018,Shipp2019                     -           
st     1  Sagittarius-A20      Sagittarius	         antoja2020           Antoja2020,Ramos2020                    -           
po     1  Sangarius-G17        Sangarius	         grillmair2017        Grillmair2017                           - 
po     1  Scamander-G17	       Scamander	         grillmair2017        Grillmair2017                           - 
st     1  Slidr-I21	       Slidr		         ibata2021            Ibata2021                               - 
ep     1  Styx-G09	       Styx		         grillmair2009        Grillmair2009                           - 
st     1  Svol-I21	       Svol		         ibata2021            Ibata2021                               - 
st     1  Sylgr-I21	       Sylgr		         ibata2021            Ibata2021                               - 
st     1  Tri-Pis-B12	       Tri-Pis  	         bonaca2012           Bonaca2012,Martin2013                   -            
st     1  TucanaIII-S19	       TucanaIII	         shipp2019            Shipp2019,Shipp2018,Li2018              -                  
ep     1  Turbio-S18	       Turbio		         shipp2018            Shipp2018,Shipp2019                     -           
st     1  Turranburra-S19      Turranburra	         shipp2019            Shipp2019,Shipp2018                     -           
st     1  Vid-I21	       Vid		         ibata2021            Ibata2021                               - 
ep     1  Wambelong-S18	       Wambelong	         shipp2018            Shipp2018,Shipp2019                     -           
ep     1  Willka_Yaku-S18      Willka_Yaku	         shipp2018            Shipp2018,Shipp2019                     -           
st     1  Ylgr-I21	       Ylgr		         ibata2021            Ibata2021                               - 
